,MLE_mu,MLE_CV,W1(method2)_mu,W1(method2)_CV,W1(method3)_mu,W1(method3)_CV,W2(method3)_mu,W2(method3)_CV
2.0,-2.022995627342206,-1.9481269841727233,-2.1182241705784093,-2.3966576600753693,-2.1193549181332685,-2.398066173968744,-2.1608281574759234,-2.7919558783125384
2.5,-2.5215341066364387,-1.955238330166281,-2.578562260096576,-2.467373056473046,-2.586349391113813,-2.4671657776287206,-2.6426186407612815,-3.261758585674362
3.0,-3.0231636521010024,-1.9644123569443825,-3.079307190702626,-2.49627026709163,-3.0816011561018155,-2.4966781444208097,-3.1592979069586096,-3.7375269862317477
3.5,-3.51898232685265,-1.9613711189983574,-3.541961107336718,-2.495689201679924,-3.5417789070969063,-2.495660661485298,-3.634724616902687,-4.275511135196321
4.0,-3.992901891797245,-1.9602369125857741,-4.038815162474038,-2.5000435957180693,-4.039184430403871,-2.500091550295558,-4.1297085095648285,-4.717265444821757
4.5,-4.481348180245266,-1.961066649105618,-4.539729412695186,-2.501230786614894,-4.539878306322032,-2.5012367894200582,-4.647020663259675,-5.1467648949039155
5.0,-4.967751784127971,-1.9604648496409323,-5.0083934540156765,-2.5000622659668763,-5.008537824247914,-2.500062182626304,-5.108537173756503,-5.46737882657073
